{"cameraMode":{"drawMode":0,"name":"Shaded","section":"Shading Mode"},"sceneLighting":true,"audioPlay":false,"sceneViewState":{"m_AlwaysRefresh":false,"showFog":true,"showSkybox":true,"showFlares":true,"showImageEffects":true,"showParticleSystems":true,"showVisualEffectGraphs":true,"m_FxEnabled":true},"in2DMode":false,"pivot":{"x":-6.303646564483643,"y":2.4857685565948488,"z":14.816174507141114},"rotation":{"x":-0.015929315239191057,"y":0.9752820730209351,"z":-0.07630036771297455,"w":-0.20760783553123475},"size":1.4409886598587037,"orthographic":false}