{"cameraMode":{"drawMode":0,"name":"Shaded","section":"Shading Mode"},"sceneLighting":true,"audioPlay":false,"sceneViewState":{"m_AlwaysRefresh":false,"showFog":true,"showSkybox":true,"showFlares":true,"showImageEffects":true,"showParticleSystems":true,"showVisualEffectGraphs":true,"m_FxEnabled":true},"in2DMode":false,"pivot":{"x":-23.32295799255371,"y":34.779144287109378,"z":-2.1625452041625978},"rotation":{"x":-0.24538210034370423,"y":-0.7335489392280579,"z":0.5415955781936646,"w":-0.33101582527160647},"size":1.4805712699890137,"orthographic":false}